Year,2015,2015,2015,2015,2015,2015,2015,2015,2015,2015,2016,2016,2016,2016,2016,2016,2016,2016,2016,2016,2017,2017,2017,2017,2017,2017,2017,2017,2017,2017,2018,2018,2018,2018,2018,2018,2018,2018,2018,2018,2019,2019,2019,2019,2019,2019,2019,2019,2019,2019
Result,Country,Region,Happiness Rank,Happiness Score,GDP per capita,Social support,Healthy life expectancy,Freedom to make life choices,Generosity,Perceptions of corruption,Country,Region,Happiness Rank,Happiness Score,GDP per capita,Social support,Healthy life expectancy,Freedom to make life choices,Generosity,Perceptions of corruption,Country,Region,Happiness Rank,Happiness Score,GDP per capita,Social support,Healthy life expectancy,Freedom to make life choices,Generosity,Perceptions of corruption,Country,Region,Happiness Rank,Happiness Score,GDP per capita,Social support,Healthy life expectancy,Freedom to make life choices,Generosity,Perceptions of corruption,Country,Region,Happiness Rank,Happiness Score,GDP per capita,Social support,Healthy life expectancy,Freedom to make life choices,Generosity,Perceptions of corruption
0,Switzerland,Europe,1,7.5870000000000015,1.39651,1.34951,0.94143,0.66557,0.41978,0.29678000000000004,Denmark,Europe,1,7.526,1.4417799999999998,1.16374,0.79504,0.5794100000000001,0.44453,0.36171,Norway,Europe,1,7.537000179290769,1.61646318435669,1.53352355957031,0.796666502952576,0.635422587394714,0.36201223731041,0.31596383452415505,Finland,Europe,1,7.6320000000000014,1.305,1.592,0.8740000000000001,0.6809999999999999,0.202,0.393,Finland,Europe,1,7.769,1.34,1.587,0.986,0.596,0.153,0.393
1,Iceland,Europe,2,7.561,1.30232,1.40223,0.94784,0.6287699999999999,0.14145,0.4363,Switzerland,Europe,2,7.508999999999999,1.52733,1.14524,0.86303,0.58557,0.41203,0.28083,Denmark,Europe,2,7.52199983596802,1.48238301277161,1.55112159252167,0.7925655245780941,0.626006722450256,0.3552804887294771,0.40077006816864,Norway,Europe,2,7.5939999999999985,1.456,1.582,0.861,0.6859999999999999,0.28600000000000003,0.34,Denmark,Europe,2,7.6,1.383,1.5730000000000002,0.996,0.5920000000000001,0.252,0.41
2,Denmark,Europe,3,7.527,1.32548,1.36058,0.87464,0.6493800000000001,0.48357,0.34139,Iceland,Europe,3,7.501,1.42666,1.18326,0.8673299999999999,0.56624,0.14975,0.47678,Iceland,Europe,3,7.50400018692017,1.480633020401,1.6105740070343,0.8335521221160892,0.6271626353263849,0.475540220737457,0.15352655947208402,Denmark,Europe,3,7.555,1.351,1.59,0.868,0.6829999999999999,0.284,0.408,Norway,Europe,3,7.5539999999999985,1.4880000000000002,1.582,1.028,0.603,0.271,0.341
3,Norway,Europe,4,7.522,1.459,1.33095,0.88521,0.66973,0.36503,0.34699,Norway,Europe,4,7.497999999999998,1.57744,1.1269,0.79579,0.59609,0.35776,0.37895,Switzerland,Europe,4,7.49399995803833,1.5649795532226598,1.51691174507141,0.858131289482117,0.620070576667786,0.29054927825927696,0.3670072853565221,Iceland,Europe,4,7.495,1.3430000000000002,1.644,0.914,0.677,0.353,0.138,Iceland,Europe,4,7.494,1.38,1.624,1.026,0.591,0.354,0.118
4,Canada,America,5,7.427,1.32629,1.32261,0.90563,0.63297,0.32957,0.45811,Finland,Europe,5,7.4129999999999985,1.40598,1.13464,0.81091,0.57104,0.41004,0.25492,Finland,Europe,5,7.468999862670901,1.44357192516327,1.5402467250824,0.80915766954422,0.6179508566856379,0.24548277258873,0.38261154294014,Switzerland,Europe,5,7.487,1.42,1.5490000000000002,0.927,0.66,0.256,0.35700000000000004,Netherlands,Europe,5,7.487999999999999,1.396,1.5219999999999998,0.999,0.557,0.322,0.298
5,Finland,Europe,6,7.4060000000000015,1.29025,1.31826,0.8891100000000001,0.64169,0.41372,0.23351,Canada,America,6,7.404,1.44015,1.0961,0.8276,0.5737,0.31329,0.44834,Netherlands,Europe,6,7.3769998550415,1.50394463539124,1.42893922328949,0.8106961250305179,0.5853844881057739,0.470489829778671,0.282661825418472,Netherlands,Europe,6,7.441,1.361,1.4880000000000002,0.878,0.638,0.333,0.295,Switzerland,Europe,6,7.48,1.452,1.526,1.052,0.5720000000000001,0.263,0.343
6,Netherlands,Europe,7,7.377999999999999,1.32944,1.28017,0.89284,0.6157600000000001,0.31814000000000003,0.4761,Netherlands,Europe,7,7.338999999999999,1.46468,1.02912,0.8123100000000001,0.55211,0.29927,0.47416,Canada,America,7,7.31599998474121,1.47920441627502,1.48134899139404,0.83455765247345,0.611100912094116,0.435539722442627,0.287371516227722,Canada,America,7,7.3279999999999985,1.33,1.5319999999999998,0.8959999999999999,0.653,0.321,0.29100000000000004,Sweden,Europe,7,7.343,1.3869999999999998,1.487,1.009,0.574,0.267,0.373
7,Sweden,Europe,8,7.364,1.33171,1.2890700000000002,0.91087,0.6598,0.43844,0.36262,New Zealand,Oceania,8,7.334,1.36066,1.17278,0.83096,0.5814699999999999,0.41904,0.4940100000000001,New Zealand,Oceania,8,7.31400012969971,1.40570604801178,1.54819512367249,0.816759705543518,0.6140621304512021,0.500005125999451,0.38281670212745705,New Zealand,Oceania,8,7.324,1.268,1.601,0.8759999999999999,0.669,0.365,0.389,New Zealand,Oceania,8,7.307,1.3030000000000002,1.557,1.026,0.585,0.33,0.38
8,New Zealand,Oceania,9,7.286,1.2501799999999998,1.31967,0.90837,0.6393800000000001,0.42922,0.47501,Australia,Oceania,9,7.313,1.44443,1.10476,0.8512,0.5683699999999999,0.32331,0.47407,Sweden,Europe,9,7.28399991989136,1.49438726902008,1.47816216945648,0.830875158309937,0.612924098968506,0.38539925217628496,0.384398728609085,Sweden,Europe,9,7.314,1.355,1.501,0.913,0.659,0.285,0.383,Canada,America,9,7.278,1.365,1.505,1.039,0.584,0.285,0.308
9,Australia,Oceania,10,7.284,1.33358,1.30923,0.93156,0.6512399999999999,0.35637,0.43562,Sweden,Europe,10,7.291,1.45181,1.08764,0.83121,0.58218,0.40867,0.38254,Australia,Oceania,10,7.28399991989136,1.4844149351120002,1.5100419521331798,0.84388679265976,0.601607382297516,0.477699249982834,0.301183730363846,Australia,Oceania,10,7.272,1.34,1.5730000000000002,0.91,0.647,0.361,0.302,Austria,Europe,10,7.246,1.376,1.475,1.016,0.532,0.244,0.226
10,Israel,Africa,11,7.278,1.2285700000000002,1.22393,0.91387,0.41319,0.07785,0.33172,Israel,Africa,11,7.267,1.33766,0.99537,0.8491700000000001,0.36432,0.08728,0.32288,Israel,Africa,11,7.212999820709231,1.3753824234008798,1.37628996372223,0.83840399980545,0.405988603830338,0.330082654953003,0.0852421000599861,United Kingdom,Europe,11,7.19,1.244,1.433,0.888,0.464,0.262,0.08199999999999999,Australia,Oceania,11,7.228,1.372,1.548,1.036,0.557,0.332,0.29
11,Costa Rica,America,12,7.226,0.95578,1.23788,0.8602700000000001,0.63376,0.10583,0.25497,Austria,Europe,12,7.119,1.45038,1.0838299999999998,0.80565,0.54355,0.21348000000000006,0.32865,Costa Rica,America,12,7.0789999961853,1.10970628261566,1.4164036512374898,0.7595092654228209,0.580131649971008,0.21461322903633104,0.100106589496136,Austria,Europe,12,7.1389999999999985,1.341,1.504,0.8909999999999999,0.617,0.242,0.224,Costa Rica,America,12,7.167000000000002,1.034,1.4409999999999998,0.963,0.5579999999999999,0.14400000000000002,0.093
12,Austria,Europe,13,7.2,1.33723,1.29704,0.8904200000000001,0.62433,0.18676,0.33088,United States,America,13,7.104,1.50796,1.04782,0.779,0.48163,0.14868,0.41077,Austria,Europe,13,7.00600004196167,1.48709726333618,1.4599449634552,0.8153284192085269,0.567766189575195,0.316472321748734,0.22106036543846105,Costa Rica,America,13,7.072,1.01,1.459,0.8170000000000001,0.632,0.14300000000000002,0.101,Israel,Africa,13,7.1389999999999985,1.276,1.455,1.029,0.371,0.261,0.08199999999999999
13,Mexico,America,14,7.187,1.02054,0.91451,0.8144399999999999,0.48181,0.21312,0.14074,Costa Rica,America,14,7.0870000000000015,1.06879,1.02152,0.76146,0.55225,0.10547,0.22553,United States,America,14,6.993000030517581,1.54625928401947,1.4199205636978105,0.7742866277694699,0.505740523338318,0.392578780651093,0.135638788342476,Ireland,Europe,14,6.977,1.4480000000000002,1.5830000000000002,0.8759999999999999,0.614,0.307,0.306,Luxembourg,Europe,14,7.09,1.609,1.479,1.012,0.526,0.194,0.316
14,United States,America,15,7.119,1.39451,1.24711,0.86179,0.54604,0.1589,0.40105,Puerto Rico,,15,7.039,1.35943,1.08113,0.77758,0.46823,0.12275,0.22202,Ireland,Europe,15,6.977000236511231,1.5357066392898602,1.55823111534119,0.8097826242446899,0.5731103420257571,0.42785832285881,0.2983881533145901,Germany,Europe,15,6.965,1.34,1.474,0.861,0.586,0.273,0.28,United Kingdom,Europe,15,7.0539999999999985,1.3330000000000002,1.538,0.996,0.45,0.348,0.278
15,Brazil,America,16,6.983,0.98124,1.23287,0.69702,0.49049,0.17521,0.14574,Germany,Europe,16,6.994,1.44787,1.09774,0.81487,0.53466,0.28551,0.30452,Germany,Europe,16,6.9510002136230495,1.48792338371277,1.47252035140991,0.798950731754303,0.562511384487152,0.33626917004585305,0.276731938123703,Belgium,Europe,16,6.9270000000000005,1.324,1.483,0.894,0.583,0.188,0.24,Ireland,Europe,16,7.021,1.499,1.5530000000000002,0.999,0.516,0.298,0.31
16,Luxembourg,Europe,17,6.9460000000000015,1.56391,1.21963,0.91894,0.61583,0.37798,0.28034000000000003,Brazil,America,17,6.952000000000001,1.08754,1.03938,0.61415,0.40425,0.14165999999999998,0.15775999999999998,Belgium,Europe,17,6.89099979400635,1.46378076076508,1.4623126983642598,0.8180918693542479,0.5397707223892211,0.23150333762168895,0.251343131065369,Luxembourg,Europe,17,6.91,1.5759999999999998,1.52,0.8959999999999999,0.632,0.196,0.321,Germany,Europe,17,6.985,1.3730000000000002,1.454,0.987,0.495,0.261,0.265
17,Ireland,Europe,18,6.94,1.33596,1.36948,0.89533,0.6177699999999999,0.28703,0.45901,Belgium,Europe,18,6.9289999999999985,1.42539,1.05249,0.8195899999999999,0.51354,0.26248,0.2424,Luxembourg,Europe,18,6.86299991607666,1.74194359779358,1.45758366584778,0.845089495182037,0.59662789106369,0.283180981874466,0.31883442401886,United States,America,18,6.886,1.398,1.471,0.8190000000000001,0.547,0.29100000000000004,0.133,Belgium,Europe,18,6.922999999999999,1.356,1.504,0.986,0.473,0.16,0.21
18,Belgium,Europe,19,6.937,1.30782,1.28566,0.8966700000000001,0.5845,0.2254,0.2225,Ireland,Europe,19,6.907,1.48341,1.16157,0.81455,0.54008,0.29754,0.44963,United Kingdom,Europe,19,6.71400022506714,1.44163393974304,1.4964600801467902,0.805335938930511,0.508190035820007,0.492774158716202,0.265428066253662,Israel,Africa,19,6.814,1.301,1.5590000000000002,0.883,0.5329999999999999,0.354,0.272,United States,America,19,6.892,1.433,1.457,0.8740000000000001,0.454,0.28,0.128
19,United Arab Emirates,Africa,20,6.901,1.42727,1.12575,0.80925,0.64157,0.38583,0.26428,Luxembourg,Europe,20,6.871,1.69752,1.03999,0.8454200000000001,0.5487,0.35329,0.27571,Chile,America,20,6.65199995040894,1.25278460979462,1.28402495384216,0.8194797039031979,0.376895278692245,0.3266624212265011,0.0822879821062088,United Arab Emirates,Africa,20,6.774,2.096,0.7759999999999999,0.67,0.284,0.18600000000000005,,Czech Republic,Europe,20,6.852,1.269,1.487,0.92,0.457,0.046,0.036000000000000004
20,United Kingdom,Europe,21,6.867000000000001,1.26637,1.28548,0.90943,0.59625,0.32067,0.51912,Mexico,America,21,6.778,1.1150799999999998,0.7146,0.71143,0.37709,0.18355,0.11735,United Arab Emirates,Africa,21,6.6479997634887695,1.6263433694839498,1.26641023159027,0.726798236370087,0.60834527015686,0.3609419465065,0.324489563703537,Czech Republic,Europe,21,6.711,1.233,1.489,0.8540000000000001,0.5429999999999999,0.064,0.034,United Arab Emirates,Africa,21,6.825,1.503,1.31,0.825,0.598,0.262,0.182
21,Oman,Africa,22,6.853,1.36011,1.08182,0.76276,0.63274,0.32524000000000003,0.21542,Singapore,Asia,22,6.739,1.64555,0.8675799999999999,0.94719,0.4877,0.46987,0.32706,Brazil,America,22,6.63500022888184,1.10735321044922,1.43130600452423,0.6165523529052729,0.437453746795654,0.16234989464282998,0.111092761158943,Malta,Europe,22,6.627000000000002,1.27,1.525,0.884,0.645,0.376,0.142,Malta,Europe,22,6.726,1.3,1.52,0.999,0.564,0.375,0.151
22,Venezuela,America,23,6.81,1.04424,1.25596,0.7205199999999999,0.42908,0.11069,0.05841,United Kingdom,Europe,23,6.725,1.40283,1.08672,0.80991,0.50036,0.27399,0.50156,Czech Republic,Europe,23,6.60900020599365,1.35268235206604,1.43388521671295,0.754444003105164,0.490946173667908,0.0881067588925362,0.0368729270994663,France,Europe,23,6.489,1.293,1.466,0.908,0.52,0.098,0.17600000000000002,Mexico,America,23,6.595,1.07,1.3230000000000002,0.861,0.433,0.07400000000000001,0.073
23,Singapore,Asia,24,6.797999999999999,1.52186,1.02,1.02525,0.54252,0.4921,0.31105,Chile,America,24,6.705,1.2167,0.90587,0.8188300000000001,0.37789,0.11451,0.31595,Argentina,America,24,6.59899997711182,1.18529546260834,1.44045114517212,0.695137083530426,0.4945192039012911,0.109457060694695,0.059739887714385986,Mexico,America,24,6.488,1.038,1.252,0.7609999999999999,0.479,0.069,0.095,France,Europe,24,6.5920000000000005,1.324,1.472,1.045,0.436,0.111,0.183
24,Panama,America,25,6.7860000000000005,1.06353,1.1985,0.79661,0.5421,0.0927,0.24434,Panama,America,25,6.7010000000000005,1.18306,0.98912,0.70835,0.48927,0.08423,0.2418,Mexico,America,25,6.57800006866455,1.15318381786346,1.210862159729,0.709978997707367,0.412730008363724,0.120990432798862,0.132774114608765,Chile,America,25,6.476,1.131,1.331,0.8079999999999999,0.431,0.197,0.061,Taiwan,Asia,25,6.4460000000000015,1.368,1.43,0.914,0.35100000000000003,0.242,0.097
25,Germany,Europe,26,6.75,1.32792,1.29937,0.89186,0.6147699999999999,0.21843,0.28214,Argentina,America,26,6.65,1.15137,1.0661200000000002,0.69711,0.42284,0.07296,0.10989000000000003,Singapore,Asia,26,6.57200002670288,1.69227766990662,1.35381436347961,0.9494923949241642,0.549840569496155,0.345965981483459,0.46430778503418,Taiwan,Asia,26,6.441,1.365,1.436,0.857,0.418,0.151,0.078,Chile,America,26,6.444,1.159,1.369,0.92,0.35700000000000004,0.187,0.056
26,Chile,America,27,6.67,1.10715,1.12447,0.85857,0.44132,0.12869,0.33363000000000004,Czech Republic,Europe,27,6.596,1.30915,1.00793,0.76376,0.41418,0.03986,0.09929,Malta,Europe,27,6.52699995040894,1.34327983856201,1.48841166496277,0.821944236755371,0.588767051696777,0.5747305750846861,0.153066068887711,Panama,America,27,6.43,1.112,1.4380000000000002,0.759,0.597,0.125,0.063,Guatemala,America,27,6.436,0.8,1.269,0.746,0.535,0.175,0.078
27,Qatar,Africa,28,6.6110000000000015,1.69042,1.0786,0.79733,0.6404,0.52208,0.32573,United Arab Emirates,Africa,28,6.573,1.57352,0.8711399999999999,0.72993,0.56215,0.35561,0.26591,Uruguay,America,28,6.4539999961853,1.21755969524384,1.41222786903381,0.719216823577881,0.5793922543525699,0.175096929073334,0.17806187272071802,Brazil,America,28,6.419,0.986,1.474,0.675,0.493,0.11,0.08800000000000001,Saudi Arabia,Africa,28,6.375,1.403,1.357,0.795,0.439,0.08,0.132
28,France,Europe,29,6.575,1.27778,1.2603799999999998,0.94579,0.55011,0.20646,0.12332,Uruguay,America,29,6.545,1.18157,1.0314299999999998,0.72183,0.54388,0.21394,0.18056,Guatemala,America,29,6.4539999961853,0.872001945972443,1.25558519363403,0.540239989757538,0.5313106179237371,0.283488392829895,0.0772232785820961,Argentina,America,29,6.388,1.073,1.4680000000000002,0.7440000000000001,0.57,0.062,0.054000000000000006,Qatar,Africa,29,6.374,1.6840000000000002,1.3130000000000002,0.871,0.555,0.22,0.16699999999999998
29,Argentina,America,30,6.574,1.05351,1.24823,0.78723,0.44974,0.08484,0.11451,Malta,Europe,30,6.488,1.30782,1.09879,0.80315,0.54994,0.17554,0.56237,Panama,America,30,6.4520001411438,1.23374843597412,1.3731925487518302,0.706156134605408,0.550026834011078,0.21055693924427,0.070983923971653,Guatemala,America,30,6.3820000000000014,0.7809999999999999,1.268,0.608,0.604,0.179,0.071,Spain,Europe,30,6.354,1.286,1.484,1.062,0.362,0.153,0.079
30,Czech Republic,Europe,31,6.505,1.17898,1.20643,0.84483,0.46364,0.02652,0.10686,Colombia,America,31,6.481,1.03032,1.02169,0.59659,0.44735,0.05399,0.15625999999999998,France,Europe,31,6.44199991226196,1.43092346191406,1.38777685165405,0.8444658517837521,0.470222115516663,0.129762306809425,0.172502428293228,Uruguay,America,31,6.379,1.093,1.459,0.7709999999999999,0.625,0.13,0.155,Panama,America,31,6.3210000000000015,1.149,1.442,0.91,0.516,0.109,0.054000000000000006
31,Uruguay,America,32,6.485,1.06166,1.2089,0.8116,0.6036199999999999,0.24558,0.2324,France,Europe,32,6.478,1.39488,1.00508,0.83795,0.46562,0.17808,0.1216,Thailand,Asia,32,6.423999786376951,1.12786877155304,1.4257924556732198,0.647239029407501,0.580200731754303,0.572123110294342,0.0316127352416515,Qatar,Africa,32,6.374,1.649,1.3030000000000002,0.748,0.654,0.256,0.171,Brazil,America,32,6.3,1.004,1.439,0.802,0.39,0.099,0.086
32,Colombia,America,33,6.477,0.91861,1.2401799999999998,0.69077,0.53466,0.0512,0.18401,Thailand,Asia,33,6.474,1.0893,1.04477,0.64915,0.49553,0.02833,0.58696,Taiwan Province of China,,33,6.42199993133545,1.4336265325546298,1.38456535339355,0.793984234333038,0.361466586589813,0.258360475301743,0.0638292357325554,Saudi Arabia,Africa,33,6.371,1.379,1.331,0.633,0.509,0.098,0.127,Uruguay,America,33,6.292999999999998,1.124,1.465,0.8909999999999999,0.523,0.127,0.15
33,Thailand,Asia,34,6.455,0.9669,1.26504,0.7385,0.5566399999999999,0.03187,0.5763,Saudi Arabia,Africa,34,6.379,1.48953,0.84829,0.59267,0.37904,0.30008,0.15457,Spain,Europe,34,6.40299987792969,1.38439786434174,1.53209090232849,0.888960599899292,0.408781230449677,0.190133571624756,0.0709140971302986,Singapore,Asia,34,6.343,1.529,1.4509999999999998,1.008,0.631,0.261,0.457,Singapore,Asia,34,6.2620000000000005,1.5719999999999998,1.463,1.141,0.556,0.271,0.453
34,Saudi Arabia,Africa,35,6.4110000000000005,1.39541,1.0839299999999998,0.72025,0.31048000000000003,0.32524000000000003,0.13706,Taiwan,Asia,34,6.379,1.39729,0.92624,0.79565,0.32377,0.0663,0.25495,Qatar,Africa,35,6.375,1.87076568603516,1.27429687976837,0.7100980877876278,0.604130983352661,0.33047387003898604,0.4392992556095121,Malaysia,Asia,35,6.322,1.161,1.258,0.669,0.35600000000000004,0.311,0.059,El Salvador,America,35,6.252999999999999,0.794,1.242,0.789,0.43,0.093,0.07400000000000001
35,Spain,Europe,36,6.329,1.23011,1.31379,0.95562,0.45951,0.06398,0.18227,Qatar,Africa,36,6.375,1.82427,0.87964,0.71723,0.56679,0.48049,0.32388,Colombia,America,36,6.35699987411499,1.07062232494354,1.4021829366683998,0.595027923583984,0.477487415075302,0.14901447296142598,0.0466687418520451,Spain,Europe,36,6.31,1.251,1.538,0.965,0.449,0.142,0.07400000000000001,Italy,Europe,36,6.223,1.294,1.4880000000000002,1.039,0.231,0.158,0.03
36,Malta,Europe,37,6.3020000000000005,1.2074,1.30203,0.88721,0.60365,0.13585999999999998,0.51752,Spain,Europe,37,6.3610000000000015,1.34253,1.12945,0.8789600000000001,0.37545,0.061370000000000015,0.17665,Saudi Arabia,Africa,37,6.343999862670901,1.53062355518341,1.28667759895325,0.590148329734802,0.449750572443008,0.147616013884544,0.27343225479126004,Colombia,America,37,6.26,0.96,1.439,0.635,0.531,0.099,0.039,Bahrain,Africa,37,6.199,1.362,1.368,0.871,0.536,0.255,0.11
37,Taiwan,Asia,38,6.297999999999999,1.29098,1.07617,0.8753,0.3974,0.08129,0.25376,Algeria,Africa,38,6.355,1.05266,0.83309,0.6180399999999999,0.21006,0.16157,0.07044,Trinidad and Tobago,America,38,6.1680002212524405,1.36135590076447,1.3802285194397,0.5199832916259771,0.518630743026733,0.32529646158218395,0.00896481610834599,Trinidad & Tobago,,38,6.192,1.223,1.492,0.564,0.575,0.171,0.019,Slovakia,Europe,38,6.198,1.246,1.504,0.8809999999999999,0.334,0.121,0.014
38,Kuwait,Africa,39,6.295,1.5542200000000002,1.16594,0.72492,0.55499,0.25609,0.16228,Guatemala,America,39,6.324,0.83454,0.8711899999999999,0.5403899999999999,0.50379,0.08701,0.28808,Kuwait,Africa,39,6.10500001907349,1.63295245170593,1.25969874858856,0.6321057081222529,0.496337592601776,0.228289797902107,0.21515955030918105,Slovakia,Europe,39,6.172999999999999,1.21,1.537,0.7759999999999999,0.354,0.118,0.014,Trinidad & Tobago,,39,6.192,1.231,1.477,0.713,0.489,0.185,0.016
39,Suriname,America,40,6.269,0.99534,0.972,0.6082,0.5965699999999999,0.13633,0.16990999999999998,Suriname,America,40,6.269,1.09686,0.77866,0.5093300000000001,0.5223399999999999,0.12692,0.16665,Slovakia,Europe,40,6.09800004959106,1.32539355754852,1.5050592422485398,0.712732911109924,0.295817464590073,0.136544480919838,0.0242108516395092,El Salvador,America,40,6.167000000000002,0.8059999999999999,1.231,0.639,0.461,0.065,0.08199999999999999,Poland,Europe,40,6.182,1.206,1.4380000000000002,0.884,0.483,0.117,0.05
40,Trinidad and Tobago,America,41,6.167999999999998,1.21183,1.18354,0.61483,0.55884,0.0114,0.31844,Kuwait,Africa,41,6.239,1.61714,0.8775799999999999,0.63569,0.43166,0.23669,0.15965,Bahrain,Africa,41,6.08699989318848,1.48841226100922,1.3231104612350502,0.653133034706116,0.536746919155121,0.17266848683357194,0.257042169570923,Nicaragua,America,41,6.141,0.6679999999999999,1.319,0.7,0.527,0.208,0.128,Uzbekistan,Europe,41,6.174,0.745,1.529,0.7559999999999999,0.631,0.322,0.24
41,El Salvador,America,42,6.13,0.76454,1.02507,0.67737,0.4035,0.11776,0.10692,Bahrain,Africa,42,6.218,1.44024,0.94397,0.65696,0.47375,0.25772,0.17147,Malaysia,Asia,42,6.08400011062622,1.29121541976929,1.28464603424072,0.618784427642822,0.4022649824619289,0.416608929634094,0.0656007081270218,Poland,Europe,42,6.122999999999998,1.176,1.4480000000000002,0.7809999999999999,0.546,0.108,0.064,Lithuania,Europe,42,6.149,1.238,1.515,0.818,0.29100000000000004,0.043,0.042
42,Guatemala,America,43,6.122999999999998,0.74553,1.04356,0.64425,0.57733,0.09472,0.27489,Trinidad and Tobago,America,43,6.167999999999998,1.32572,0.98569,0.52608,0.48453,0.01241,0.31935,Nicaragua,America,43,6.07100009918213,0.737299203872681,1.28721570968628,0.6530959606170649,0.447551846504211,0.301674216985703,0.130687981843948,Bahrain,Africa,43,6.105,1.338,1.366,0.698,0.594,0.243,0.123,Colombia,America,43,6.125,0.985,1.41,0.841,0.47,0.099,0.034
43,Uzbekistan,Europe,44,6.002999999999999,0.63244,1.34043,0.59772,0.6582100000000001,0.30826,0.22837,Venezuela,America,44,6.084,1.1336700000000002,1.03302,0.6190399999999999,0.19847,0.08304,0.0425,Ecuador,America,44,6.00799989700317,1.00082039833069,1.28616881370544,0.685636222362518,0.4551981985569,0.15011246502399406,0.140134647488594,Uzbekistan,Europe,44,6.096,0.7190000000000001,1.584,0.605,0.7240000000000001,0.328,0.259,Slovenia,Europe,44,6.1179999999999986,1.258,1.523,0.953,0.564,0.14400000000000002,0.057
44,Slovakia,Europe,45,5.995,1.16891,1.26999,0.7890199999999999,0.31751,0.03431,0.16893,Slovakia,Europe,45,6.0779999999999985,1.27973,1.08268,0.70367,0.23391,0.02947,0.13837,El Salvador,America,45,6.0029997825622585,0.909784495830536,1.1821250915527302,0.596018552780151,0.432452529668808,0.0782579854130745,0.0899809598922729,Kuwait,Africa,45,6.082999999999998,1.474,1.301,0.675,0.5539999999999999,0.16699999999999998,0.106,Nicaragua,America,45,6.105,0.6940000000000001,1.325,0.835,0.435,0.2,0.127
45,Japan,Asia,46,5.987,1.27074,1.25712,0.99111,0.49615,0.1806,0.10705,El Salvador,America,46,6.068,0.8737,0.80975,0.596,0.37269,0.10613,0.08877,Poland,Europe,46,5.97300004959106,1.29178786277771,1.44571197032928,0.699475347995758,0.520342111587524,0.158465966582298,0.0593078061938286,Thailand,Asia,46,6.072,1.016,1.4169999999999998,0.7070000000000001,0.637,0.364,0.029,Kosovo,Europe,46,6.1,0.882,1.232,0.758,0.489,0.262,0.006
46,South Korea,Asia,47,5.984,1.24461,0.95774,0.96538,0.33208000000000004,0.07857,0.18557,Malaysia,Asia,47,6.005,1.25142,0.88025,0.62366,0.39031,0.09081,0.41474,Uzbekistan,Europe,47,5.97100019454956,0.786441087722778,1.54896914958954,0.498272627592087,0.6582486629486078,0.415983647108078,0.246528223156929,Italy,Europe,47,6.0,1.264,1.501,0.946,0.281,0.13699999999999998,0.028,Argentina,America,47,6.086,1.092,1.432,0.8809999999999999,0.471,0.066,0.05
47,Ecuador,America,48,5.975,0.8640200000000001,0.99903,0.79075,0.48574,0.1809,0.11540999999999997,Nicaragua,America,48,5.992000000000001,0.69384,0.8952100000000001,0.65213,0.46582,0.16292,0.29773,Italy,Europe,48,5.96400022506714,1.39506661891937,1.44492328166962,0.8531443476676941,0.256450712680817,0.17278964817523998,0.0280280914157629,Ecuador,America,48,5.973,0.889,1.33,0.736,0.556,0.114,0.12,Romania,Europe,48,6.07,1.162,1.232,0.825,0.462,0.083,0.005
48,Bahrain,Africa,49,5.96,1.32376,1.21624,0.74716,0.45492,0.306,0.17362,Uzbekistan,Europe,49,5.987,0.7359100000000001,1.1681,0.50163,0.60848,0.28333,0.34326,Russia,Europe,49,5.962999820709231,1.28177809715271,1.46928238868713,0.547349333763123,0.373783111572266,0.0522638224065304,0.0329628810286522,Belize,,49,5.956,0.807,1.101,0.474,0.593,0.183,0.08900000000000001,Cyprus,Europe,49,6.046,1.263,1.223,1.042,0.406,0.19,0.041
49,Italy,Europe,50,5.948,1.25114,1.19777,0.95446,0.26236,0.02901,0.22823,Italy,Europe,50,5.977,1.35495,1.04167,0.8510200000000001,0.18827,0.02556,0.16684000000000002,Belize,,50,5.955999851226809,0.907975316047668,1.08141779899597,0.450191766023636,0.5475093722343439,0.24001564085483604,0.0965810716152191,Lithuania,Europe,50,5.952000000000001,1.197,1.527,0.716,0.35,0.026,0.006,Ecuador,America,50,6.028,0.912,1.3119999999999998,0.868,0.498,0.126,0.087
50,Bolivia,America,51,5.89,0.68133,0.97841,0.5392,0.57414,0.08800000000000001,0.20536,Ecuador,America,51,5.976,0.97306,0.85974,0.68613,0.4027,0.18037,0.10074,Japan,Asia,51,5.92000007629395,1.41691517829895,1.43633782863617,0.9134758710861208,0.505625545978546,0.12057276815176,0.163760736584663,Slovenia,Europe,51,5.948,1.219,1.506,0.856,0.633,0.16,0.051,Kuwait,Africa,51,6.021,1.5,1.319,0.8079999999999999,0.493,0.142,0.097
51,Moldova,Europe,52,5.8889999999999985,0.59448,1.01528,0.61826,0.32818,0.01615,0.20951,Belize,,52,5.956,0.87616,0.68655,0.45569,0.51231,0.10771,0.23684,Lithuania,Europe,52,5.90199995040894,1.3145823478698702,1.47351610660553,0.62894994020462,0.234231784939766,0.010164656676352,0.0118656428530812,Romania,Europe,52,5.945,1.116,1.219,0.726,0.528,0.08800000000000001,0.001,Thailand,Asia,52,6.007999999999999,1.05,1.409,0.828,0.557,0.359,0.028
52,Paraguay,America,53,5.877999999999999,0.75985,1.30477,0.66098,0.53899,0.08242000000000001,0.3424,Japan,Asia,53,5.921,1.38007,1.06054,0.91491,0.46761,0.18985,0.10224,Algeria,Africa,53,5.8720002174377415,1.09186446666718,1.1462174654007,0.6175846457481379,0.233335807919502,0.0694366469979286,0.14609611034393302,Latvia,Europe,53,5.933,1.148,1.454,0.6709999999999999,0.363,0.092,0.066,Latvia,Europe,53,5.94,1.187,1.465,0.812,0.264,0.075,0.064
53,Kazakhstan,Europe,54,5.855,1.12254,1.12241,0.64368,0.51649,0.08454,0.11827,Kazakhstan,Europe,54,5.919,1.22943,0.95544,0.57386,0.4052,0.11132,0.15011,Latvia,Europe,54,5.849999904632571,1.26074862480164,1.40471494197845,0.638566970825195,0.325707912445068,0.153074786067009,0.0738427266478539,Japan,Asia,54,5.915,1.294,1.462,0.988,0.5529999999999999,0.079,0.15,South Korea,Asia,54,5.895,1.301,1.219,1.036,0.159,0.175,0.056
54,Slovenia,Europe,55,5.848,1.18498,1.27385,0.8733700000000001,0.60855,0.03787,0.25328,Moldova,Europe,55,5.897,0.69177,0.8313200000000001,0.5230899999999999,0.25202,0.01903,0.19997,South Korea,Asia,55,5.837999820709231,1.40167844295502,1.1282744407653795,0.900214076042175,0.257921665906906,0.206674367189407,0.0632826685905457,Mauritius,Africa,55,5.891,1.09,1.3869999999999998,0.684,0.584,0.245,0.05,Estonia,Europe,55,5.893,1.237,1.528,0.8740000000000001,0.495,0.103,0.161
55,Lithuania,Europe,56,5.832999999999998,1.14723,1.25745,0.73128,0.21342,0.01031,0.026410000000000003,Russia,Europe,56,5.856,1.2322799999999998,1.05261,0.58991,0.32682,0.03586,0.02736,Moldova,Europe,56,5.837999820709231,0.7288706302642819,1.25182557106018,0.5894652009010309,0.240729048848152,0.20877912640571605,0.0100912861526012,Jamaica,America,56,5.89,0.8190000000000001,1.493,0.693,0.575,0.096,0.031,Jamaica,America,56,5.89,0.831,1.4780000000000002,0.831,0.49,0.107,0.028
56,Nicaragua,America,57,5.8279999999999985,0.59325,1.14184,0.7431399999999999,0.55475,0.19317,0.27815,Poland,Europe,57,5.835,1.24585,1.04685,0.69058,0.4519,0.055,0.14443,Romania,Europe,57,5.824999809265139,1.21768391132355,1.15009129047394,0.6851583123207089,0.457003742456436,0.133519917726517,0.004387900698930029,South Korea,Asia,57,5.875,1.266,1.204,0.955,0.244,0.175,0.051,Mauritius,Africa,57,5.888,1.12,1.402,0.7979999999999999,0.498,0.215,0.06
57,Peru,America,58,5.824,0.9001899999999999,0.97459,0.73017,0.4149600000000001,0.05989,0.14982,South Korea,Asia,57,5.835,1.35948,0.7219399999999999,0.88645,0.25168,0.07716,0.18824,Bolivia,America,58,5.82299995422363,0.833756566047668,1.22761905193329,0.4736302495002751,0.5587329268455511,0.22556072473526,0.0604777261614799,Northern Cyprus,,58,5.835,1.229,1.211,0.909,0.495,0.179,0.154,Japan,Asia,58,5.886,1.327,1.419,1.088,0.445,0.069,0.14
58,Belarus,Europe,59,5.813,1.0319200000000002,1.23289,0.7360800000000001,0.37938,0.1909,0.11046,Bolivia,America,59,5.822,0.79422,0.8377899999999999,0.4697,0.50961,0.07746,0.21698,Turkmenistan,Europe,59,5.82200002670288,1.1307767629623402,1.49314916133881,0.437726080417633,0.41827192902565,0.24992498755455,0.2592703402042389,Russia,Europe,59,5.81,1.151,1.479,0.599,0.399,0.065,0.025,Honduras,America,59,5.86,0.642,1.236,0.828,0.507,0.246,0.078
59,Poland,Europe,60,5.791,1.12555,1.27948,0.77903,0.53122,0.04212,0.16759000000000002,Lithuania,Europe,60,5.813,1.2692,1.06411,0.64674,0.18929,0.0182,0.02025,Kazakhstan,Europe,60,5.8189997673034695,1.2845562696456898,1.38436901569366,0.6060415506362921,0.43745428323745705,0.20196442306041695,0.11928288638591802,Kazakhstan,Europe,60,5.79,1.143,1.516,0.631,0.454,0.14800000000000002,0.121,Kazakhstan,Europe,60,5.809,1.173,1.508,0.7290000000000001,0.41,0.146,0.096
60,Malaysia,Asia,61,5.77,1.12486,1.07023,0.7239399999999999,0.5302399999999999,0.10501,0.33075,Belarus,Europe,61,5.8020000000000005,1.1306200000000002,1.04993,0.6310399999999999,0.29091,0.17457,0.13942000000000002,North Cyprus,Europe,61,5.80999994277954,1.3469113111496,1.18630337715149,0.834647238254547,0.471203625202179,0.266845703125,0.155353352427483,Cyprus,Europe,61,5.7620000000000005,1.229,1.1909999999999998,0.909,0.423,0.202,0.035,Bolivia,America,61,5.779,0.7759999999999999,1.209,0.706,0.511,0.13699999999999998,0.064
61,Croatia,Europe,62,5.759,1.08254,0.79624,0.78805,0.25883,0.0243,0.05444,North Cyprus,Europe,62,5.771,1.31141,0.81826,0.8414200000000001,0.43596,0.16577999999999998,0.26322,Slovenia,Europe,62,5.75799989700317,1.3412059545517,1.4525188207626298,0.7908282279968258,0.572575807571411,0.242649093270302,0.0451289787888527,Bolivia,America,62,5.752000000000002,0.7509999999999999,1.223,0.508,0.606,0.141,0.054000000000000006,Hungary,Europe,62,5.757999999999999,1.2009999999999998,1.41,0.828,0.199,0.081,0.02
62,Libya,Africa,63,5.754,1.13145,1.1186200000000002,0.7038,0.41668,0.11023,0.18295,Slovenia,Europe,63,5.768,1.29947,1.05613,0.79151,0.53164,0.03635,0.25738,Peru,America,63,5.71500015258789,1.03522527217865,1.21877038478851,0.6301661133766171,0.4500028789043429,0.126819714903831,0.0470490865409374,Estonia,Europe,63,5.739,1.2,1.5319999999999998,0.737,0.5529999999999999,0.086,0.174,Paraguay,America,63,5.7429999999999986,0.855,1.475,0.777,0.514,0.184,0.08
63,Russia,Europe,64,5.716,1.13764,1.23617,0.6692600000000001,0.36679,0.03005,0.00199,Peru,America,64,5.7429999999999986,0.99602,0.81255,0.6299399999999999,0.37502,0.05292,0.14527,Mauritius,Africa,64,5.62900018692017,1.18939554691315,1.20956099033356,0.6380074620246889,0.491247326135635,0.360933750867844,0.0421815551817417,Paraguay,America,64,5.681,0.835,1.5219999999999998,0.615,0.541,0.162,0.07400000000000001,Northern Cyprus,,64,5.718,1.263,1.252,1.042,0.417,0.191,0.162
64,Jamaica,America,65,5.709,0.81038,1.1510200000000002,0.6874100000000001,0.50442,0.02299,0.2123,Turkmenistan,Europe,65,5.658,1.08017,1.03817,0.4400600000000001,0.37408,0.28467,0.22567,Cyprus,Europe,65,5.62099981307983,1.35593807697296,1.13136327266693,0.84471470117569,0.35511153936386103,0.271254301071167,0.0412379764020443,Peru,America,65,5.6629999999999985,0.934,1.249,0.674,0.53,0.092,0.034,Peru,America,65,5.697,0.96,1.274,0.8540000000000001,0.455,0.083,0.027000000000000003
65,North Cyprus,Europe,66,5.695,1.20806,1.07008,0.92356,0.49027,0.1428,0.26169000000000003,Mauritius,Africa,66,5.648,1.14372,0.75695,0.66189,0.46145,0.052029999999999986,0.36951,Estonia,Europe,66,5.61100006103516,1.3208793401718102,1.47667109966278,0.695168316364288,0.479131430387497,0.0988908112049103,0.18324892222881306,Kosovo,Europe,66,5.662000000000001,0.855,1.23,0.578,0.448,0.274,0.023,Portugal,Europe,66,5.693,1.221,1.431,0.999,0.508,0.047,0.025
66,Cyprus,Europe,67,5.689,1.20813,0.89318,0.92356,0.40672,0.06146,0.30638000000000004,Libya,Africa,67,5.615,1.0668799999999998,0.95076,0.52304,0.40672,0.10339,0.17087,Belarus,Europe,67,5.5689997673034695,1.15655755996704,1.4449452161788898,0.6377142667770389,0.295400261878967,0.15513750910759,0.156313821673393,Moldova,Europe,67,5.64,0.657,1.301,0.62,0.232,0.171,0.0,Pakistan,Asia,67,5.653,0.677,0.8859999999999999,0.535,0.313,0.22,0.098
67,Algeria,Africa,68,5.605,0.93929,1.07772,0.61766,0.28579,0.17382999999999998,0.07822,Latvia,Europe,68,5.56,1.21788,0.95025,0.63952,0.27996,0.0889,0.17445,Libya,Africa,68,5.525000095367429,1.10180306434631,1.35756433010101,0.520169019699097,0.465733230113983,0.15207366645336198,0.0926102101802826,Turkmenistan,Europe,68,5.636,1.016,1.533,0.517,0.417,0.199,0.037000000000000005,Russia,Europe,68,5.648,1.183,1.452,0.726,0.334,0.08199999999999999,0.031
68,Kosovo,Europe,69,5.589,0.80148,0.81198,0.63132,0.24749,0.04741,0.2831,Cyprus,Europe,69,5.546,1.31857,0.70697,0.8488,0.29507,0.052279999999999986,0.27906,Turkey,Africa,69,5.5,1.1982743740081798,1.33775317668915,0.6376056075096129,0.300740599632263,0.0466930419206619,0.0996715798974037,Hungary,Europe,69,5.62,1.171,1.401,0.732,0.259,0.061,0.022,Philippines,Asia,69,5.631,0.807,1.293,0.657,0.5579999999999999,0.117,0.107
69,Turkmenistan,Europe,70,5.547999999999999,0.95847,1.22668,0.53886,0.4761,0.30844,0.16979,Paraguay,America,70,5.5379999999999985,0.8937299999999999,1.11111,0.58295,0.46235,0.07396,0.25296,Paraguay,America,70,5.493000030517581,0.932537317276001,1.50728487968445,0.579250693321228,0.473507791757584,0.224150657653809,0.091065913438797,Libya,Africa,70,5.566,0.985,1.35,0.5529999999999999,0.496,0.116,0.14800000000000002,Serbia,Europe,70,5.603,1.004,1.383,0.8540000000000001,0.282,0.13699999999999998,0.039
70,Mauritius,Africa,71,5.477,1.00761,0.98521,0.7095,0.56066,0.07521,0.37744,Romania,Europe,71,5.528,1.1697,0.7280300000000001,0.67602,0.36712,0.006790000000000001,0.12889,"Hong Kong S.A.R., China",,71,5.47200012207031,1.55167484283447,1.26279091835022,0.943062424659729,0.490968644618988,0.374465793371201,0.293933749198914,Philippines,Asia,71,5.524,0.775,1.3119999999999998,0.513,0.643,0.12,0.105,Moldova,Europe,71,5.529,0.685,1.328,0.7390000000000001,0.245,0.181,0.0
71,Hong Kong,Asia,72,5.474,1.38604,1.05818,1.01328,0.59608,0.37124,0.39478,Estonia,Europe,72,5.517,1.27964,1.0516299999999998,0.68098,0.41511,0.18519,0.08423,Philippines,Asia,72,5.42999982833862,0.85769921541214,1.25391757488251,0.468009054660797,0.585214674472809,0.193513423204422,0.0993318930268288,Honduras,America,72,5.504,0.62,1.205,0.622,0.459,0.197,0.07400000000000001,Libya,Africa,72,5.525,1.044,1.3030000000000002,0.6729999999999999,0.416,0.133,0.152
72,Estonia,Europe,73,5.4289999999999985,1.15174,1.22791,0.77361,0.44888,0.15184,0.0868,Jamaica,America,73,5.51,0.89333,0.96372,0.5946899999999999,0.43597,0.04294,0.22245,Serbia,Europe,73,5.39499998092651,1.06931757926941,1.2581897974014298,0.65078467130661,0.20871552824974104,0.22012588381767295,0.0409037806093693,Belarus,Europe,73,5.483,1.039,1.4980000000000002,0.7,0.307,0.101,0.154,Montenegro,Europe,73,5.523,1.051,1.361,0.871,0.197,0.142,0.08
73,Indonesia,Asia,74,5.399,0.8282700000000001,1.0870799999999998,0.63793,0.46611,0.0,0.51535,Croatia,Europe,74,5.488,1.18649,0.6080899999999999,0.70524,0.23907,0.04002,0.18434,Jordan,Africa,74,5.33599996566772,0.9910123944282528,1.23908889293671,0.6045900583267211,0.418421149253845,0.17217046022415194,0.11980327218771003,Turkey,Africa,74,5.483,1.148,1.38,0.6859999999999999,0.324,0.106,0.109,Tajikistan,Europe,74,5.4670000000000005,0.493,1.098,0.718,0.389,0.23,0.14400000000000002
74,Vietnam,Asia,75,5.36,0.63216,0.91226,0.7467600000000001,0.59444,0.10441,0.1686,Hong Kong,Asia,75,5.457999999999998,1.5107,0.87021,0.95277,0.48079,0.31647,0.40097,Hungary,Europe,75,5.32399988174438,1.2860119342803995,1.34313309192657,0.6877634525299069,0.17586351931095098,0.0784016624093056,0.0366369374096394,Pakistan,Asia,75,5.472,0.652,0.81,0.424,0.334,0.21600000000000005,0.113,Croatia,Europe,75,5.432,1.155,1.266,0.914,0.29600000000000004,0.119,0.022
75,Turkey,Africa,76,5.332000000000002,1.06098,0.94632,0.73172,0.22815,0.15746,0.12253,Somalia,,76,5.44,0.0,0.33613000000000004,0.11465999999999997,0.5677800000000001,0.3118,0.27225,Jamaica,America,76,5.31099987030029,0.925579309463501,1.3682180643081698,0.6410223841667181,0.474307239055634,0.23381833732128104,0.0552677810192108,Hong Kong,Asia,76,5.43,1.405,1.29,1.03,0.524,0.246,0.29100000000000004,Hong Kong,Asia,76,5.43,1.4380000000000002,1.277,1.122,0.44,0.258,0.287
76,Kyrgyzstan,Europe,77,5.2860000000000005,0.47428,1.15115,0.65088,0.43477,0.04232,0.3003,Kosovo,Europe,77,5.401,0.90145,0.66062,0.54,0.14396,0.06547,0.27992,Croatia,Europe,77,5.2930002212524405,1.22255623340607,0.96798300743103,0.701288521289825,0.255772292613983,0.248002976179123,0.0431031100451946,Portugal,Europe,77,5.41,1.188,1.429,0.884,0.562,0.055,0.017,Dominican Republic,America,77,5.425,1.015,1.401,0.779,0.4970000000000001,0.113,0.101
77,Nigeria,Africa,78,5.268,0.65435,0.90432,0.16007000000000002,0.34334000000000003,0.0403,0.27233,Turkey,Africa,78,5.3889999999999985,1.1649200000000002,0.8771700000000001,0.64718,0.23889,0.12348,0.04707,Kosovo,Europe,78,5.27899980545044,0.951484382152557,1.13785350322723,0.541452050209045,0.260287940502167,0.319931447505951,0.0574716180562973,Serbia,Europe,78,5.398,0.975,1.369,0.685,0.28800000000000003,0.134,0.043,Bosnia and Herzegovina,Europe,78,5.386,0.945,1.212,0.845,0.212,0.263,0.006
78,Bhutan,Asia,79,5.252999999999999,0.77042,1.10395,0.57407,0.5320600000000001,0.15445,0.47998,Indonesia,Asia,79,5.314,0.95104,0.87625,0.49374,0.39237,0.00322,0.56521,China,Asia,79,5.2729997634887695,1.08116579055786,1.16083741188049,0.741415500640869,0.472787708044052,0.0288068410009146,0.0227942746132612,Greece,Europe,79,5.358,1.154,1.202,0.879,0.131,0.0,0.044,Turkey,Africa,79,5.372999999999998,1.183,1.36,0.8079999999999999,0.195,0.083,0.106
79,Azerbaijan,Europe,80,5.2120000000000015,1.02389,0.93793,0.64045,0.3703,0.16065,0.07799,Jordan,Africa,80,5.303,0.99673,0.86216,0.60712,0.36023,0.13297,0.14262,Pakistan,Asia,80,5.26900005340576,0.7268835306167599,0.6726906895637509,0.402047783136368,0.23521526157856,0.3154460191726681,0.124348066747189,Lebanon,Africa,80,5.358,0.965,1.179,0.785,0.503,0.214,0.136,Malaysia,Asia,80,5.339,1.221,1.171,0.828,0.508,0.26,0.024
80,Pakistan,Asia,81,5.194,0.59543,0.41411,0.51466,0.12102,0.10464,0.33671,Azerbaijan,Europe,81,5.291,1.12373,0.76042,0.54504,0.35327,0.17914000000000002,0.0564,Indonesia,Asia,81,5.26200008392334,0.995538592338562,1.27444469928741,0.4923457205295561,0.443323463201523,0.611704587936401,0.0153171354904771,Montenegro,Europe,81,5.347,1.017,1.279,0.7290000000000001,0.259,0.111,0.081,Belarus,Europe,81,5.323,1.067,1.465,0.789,0.235,0.094,0.142
81,Jordan,Africa,82,5.192,0.90198,1.05392,0.69639,0.40661,0.14293,0.11053,Philippines,Asia,82,5.279,0.81217,0.87877,0.4703600000000001,0.5485399999999999,0.11757,0.21674,Venezuela,America,82,5.25,1.12843120098114,1.43133759498596,0.617144227027893,0.15399712324142498,0.0650196298956871,0.0644911229610443,Croatia,Europe,82,5.3210000000000015,1.115,1.161,0.737,0.38,0.12,0.039,Greece,Europe,82,5.287000000000001,1.181,1.156,0.999,0.067,0.0,0.034
82,Montenegro,Europe,82,5.192,0.97438,0.90557,0.72521,0.1826,0.14296,0.1614,China,Asia,83,5.245,1.0278,0.79381,0.73561,0.44012,0.02745,0.04959,Montenegro,Europe,83,5.23699998855591,1.12112903594971,1.23837649822235,0.6674646735191351,0.194989055395126,0.197911024093628,0.0881741940975189,Dominican Republic,America,83,5.3020000000000005,0.982,1.4409999999999998,0.614,0.578,0.12,0.106,Mongolia,Asia,83,5.285,0.948,1.531,0.667,0.317,0.235,0.038
83,China,Asia,84,5.14,0.89012,0.94675,0.81658,0.5169699999999999,0.02781,0.08185,Bhutan,Asia,84,5.1960000000000015,0.8527,0.90836,0.49759,0.46074,0.1616,0.4854600000000001,Morocco,Africa,84,5.2350001335144,0.8781145811080929,0.774864435195923,0.59771066904068,0.408158332109451,0.0322099551558495,0.0877631828188896,Algeria,Africa,84,5.295,0.979,1.154,0.687,0.077,0.055,0.135,North Macedonia,,84,5.274,0.983,1.294,0.838,0.345,0.185,0.034
84,Zambia,Africa,85,5.129,0.47038,0.91612,0.29924,0.48827,0.12468,0.19591,Kyrgyzstan,Europe,85,5.185,0.5604399999999999,0.95434,0.5544899999999999,0.40212,0.04762,0.38432,Azerbaijan,Europe,85,5.2340002059936515,1.1536017656326298,1.15240025520325,0.5407757759094239,0.3981558382511141,0.0452693402767181,0.180987507104874,Morocco,Africa,85,5.254,0.779,0.797,0.669,0.46,0.026,0.07400000000000001,Nigeria,Africa,85,5.265,0.696,1.111,0.245,0.426,0.215,0.041
85,Romania,Europe,86,5.124,1.04345,0.8858799999999999,0.7689,0.35068,0.006490000000000001,0.13748,Serbia,Europe,86,5.1770000000000005,1.03437,0.81329,0.6458,0.15718,0.04339,0.20737,Dominican Republic,America,86,5.230000019073491,1.07937383651733,1.4024167060852095,0.574873745441437,0.55258983373642,0.186967849731445,0.113945253193378,China,Asia,86,5.246,0.989,1.142,0.799,0.597,0.029,0.103,Kyrgyzstan,Europe,86,5.261,0.551,1.4380000000000002,0.723,0.508,0.3,0.023
86,Serbia,Europe,87,5.122999999999998,0.92053,1.00964,0.74836,0.20107,0.02617,0.19231,Bosnia and Herzegovina,Europe,87,5.1629999999999985,0.93383,0.64367,0.7076600000000001,0.09511,0.0,0.29889,Greece,Europe,87,5.227000236511231,1.28948748111725,1.23941457271576,0.8101989030838009,0.0957312509417534,0.0,0.04328977689147,Azerbaijan,Europe,87,5.2010000000000005,1.024,1.161,0.603,0.43,0.031,0.17600000000000002,Turkmenistan,Europe,87,5.247000000000001,1.052,1.538,0.657,0.394,0.244,0.028
87,Portugal,Europe,88,5.102,1.15991,1.13935,0.8751899999999999,0.51469,0.01078,0.13719,Montenegro,Europe,88,5.1610000000000005,1.07838,0.74173,0.6353300000000001,0.15111,0.12721,0.17190999999999998,Lebanon,Africa,88,5.22499990463257,1.07498753070831,1.12962424755096,0.7350810766220089,0.28851598501205394,0.26445075869560203,0.037513829767704,Tajikistan,Europe,88,5.199,0.474,1.166,0.598,0.292,0.187,0.034,Algeria,Africa,88,5.211,1.002,1.16,0.785,0.086,0.073,0.114
88,Latvia,Europe,89,5.098,1.11312,1.09562,0.72437,0.29671,0.06332,0.18226,Dominican Republic,America,89,5.155,1.02787,0.99496,0.5766899999999999,0.52259,0.12372,0.21286,Portugal,Europe,89,5.19500017166138,1.3151752948761002,1.36704301834106,0.795843541622162,0.498465299606323,0.0951027125120163,0.0158694516867399,Macedonia,Europe,89,5.185,0.959,1.239,0.691,0.394,0.173,0.052000000000000005,Morocco,Africa,89,5.207999999999998,0.8009999999999999,0.782,0.782,0.418,0.036000000000000004,0.076
89,Philippines,Asia,90,5.073,0.70532,1.03516,0.58114,0.62545,0.12279,0.24991,Morocco,Africa,90,5.151,0.8405799999999999,0.38595,0.5947100000000001,0.25646,0.08404,0.04053,Bosnia and Herzegovina,Europe,90,5.18200016021729,0.982409417629242,1.0693359375,0.705186307430267,0.204403176903725,0.328867495059967,0.0,Jordan,Africa,90,5.1610000000000005,0.8220000000000001,1.265,0.645,0.468,0.13,0.134,Azerbaijan,Europe,90,5.207999999999998,1.043,1.147,0.769,0.35100000000000003,0.035,0.182
90,Somaliland region,Africa,91,5.057,0.18847,0.95152,0.43873,0.46582,0.39928,0.5031800000000001,Hungary,Europe,91,5.145,1.24142,0.93164,0.67608,0.1977,0.04472,0.099,Honduras,America,91,5.1810002326965305,0.730573117733002,1.14394497871399,0.582569479942322,0.348079860210419,0.23618887364864305,0.0733454525470734,Nigeria,Africa,91,5.155,0.6890000000000001,1.172,0.048,0.462,0.201,0.032,Lebanon,Africa,91,5.197,0.987,1.224,0.815,0.21600000000000005,0.166,0.027000000000000003
91,Morocco,Africa,92,5.013,0.7347899999999999,0.64095,0.60954,0.4169100000000001,0.08546000000000001,0.07172,Pakistan,Asia,92,5.1320000000000014,0.68816,0.26135,0.40306,0.14622000000000002,0.1388,0.31185,Macedonia,Europe,92,5.1750001907348615,1.06457793712616,1.20789301395416,0.644948184490204,0.325905978679657,0.25376096367836,0.0602777935564518,Kyrgyzstan,Europe,92,5.131,0.53,1.416,0.594,0.54,0.281,0.035,Indonesia,Asia,92,5.192,0.931,1.203,0.66,0.491,0.498,0.028
92,Macedonia,Europe,93,5.007,0.91851,1.00232,0.73545,0.33457,0.053270000000000005,0.22359,Lebanon,Africa,93,5.129,1.12268,0.64184,0.76171,0.26228,0.03061,0.23693000000000006,Somalia,,93,5.151000022888179,0.0226431842893362,0.7211513519287109,0.113989137113094,0.602126955986023,0.291631311178207,0.28241032361984303,Bosnia and Herzegovina,Europe,93,5.129,0.915,1.078,0.758,0.28,0.21600000000000005,0.0,China,Asia,93,5.191,1.029,1.125,0.893,0.521,0.058,0.1
93,Mozambique,Africa,94,4.971,0.08308,1.02626,0.09131,0.34037,0.15603,0.22269,Portugal,Europe,94,5.122999999999998,1.27607,0.94367,0.7936300000000001,0.44727,0.01521,0.11691,Vietnam,Asia,94,5.07399988174438,0.7885475754737851,1.27749133110046,0.6521689891815191,0.571055591106415,0.234968051314354,0.0876332372426987,Mongolia,Asia,94,5.125,0.914,1.517,0.575,0.395,0.253,0.032,Vietnam,Asia,94,5.175,0.741,1.346,0.851,0.5429999999999999,0.147,0.073
94,Albania,Europe,95,4.959,0.8786700000000001,0.8043399999999999,0.81325,0.35733000000000004,0.06412999999999999,0.14272,Macedonia,Europe,95,5.121,1.0193,0.78236,0.6473800000000001,0.27668000000000004,0.07047,0.23507,Nigeria,Africa,95,5.07399988174438,0.783756256103516,1.21577048301697,0.0569157302379608,0.394952565431595,0.230947196483612,0.0261215660721064,Vietnam,Asia,95,5.103,0.715,1.365,0.7020000000000001,0.618,0.177,0.079,Bhutan,Asia,95,5.082,0.813,1.321,0.604,0.457,0.37,0.16699999999999998
95,Bosnia and Herzegovina,Europe,96,4.949,0.8322299999999999,0.91916,0.79081,0.09245,0.00227,0.24808,Vietnam,Asia,96,5.061,0.74037,0.7911699999999999,0.66157,0.5595399999999999,0.11556,0.25075,Tajikistan,Europe,96,5.04099988937378,0.524713635444641,1.27146327495575,0.5292351245880129,0.471566706895828,0.24899764358997306,0.14637714624404902,Indonesia,Asia,96,5.093,0.899,1.215,0.522,0.5379999999999999,0.484,0.018000000000000002,Cameroon,Africa,96,5.044,0.5489999999999999,0.91,0.331,0.381,0.187,0.037000000000000005
96,Lesotho,Africa,97,4.898,0.37545,1.04103,0.07612000000000001,0.31767,0.12504,0.16388,Somaliland Region,,97,5.057,0.25558000000000003,0.75862,0.33108000000000004,0.3913,0.36794,0.51479,Bhutan,Asia,97,5.01100015640259,0.885416388511658,1.3401265144348102,0.495879292488098,0.5015376806259161,0.474054545164108,0.17338038980960802,Bhutan,Asia,97,5.082,0.7959999999999999,1.335,0.527,0.541,0.364,0.171,Bulgaria,Europe,97,5.011,1.092,1.513,0.815,0.311,0.081,0.004
97,Dominican Republic,America,98,4.885,0.8953700000000001,1.17202,0.66825,0.57672,0.14234000000000002,0.21684,Tunisia,Africa,98,5.045,0.97724,0.43165,0.59577,0.23553,0.0817,0.03936,Kyrgyzstan,Europe,98,5.0040001869201705,0.5962200760841371,1.39423859119415,0.553457796573639,0.454943388700485,0.42858037352562,0.0394391790032387,Somalia,,98,4.982,0.0,0.7120000000000001,0.115,0.674,0.238,0.282,Ghana,Africa,98,4.996,0.611,0.868,0.486,0.381,0.245,0.04
98,Laos,Asia,99,4.876,0.5906600000000001,0.73803,0.54909,0.59591,0.24249,0.42192,Greece,Europe,99,5.033,1.24886,0.75473,0.80029,0.058220000000000015,0.04127,0.0,Nepal,Asia,99,4.961999893188481,0.479820191860199,1.17928326129913,0.504130780696869,0.4403059482574461,0.3940961658954621,0.0729755461215973,Cameroon,Africa,99,4.975,0.535,0.8909999999999999,0.182,0.454,0.183,0.043,Ivory Coast,Africa,99,4.944,0.569,0.8079999999999999,0.232,0.35200000000000004,0.154,0.09
99,Mongolia,Asia,100,4.874,0.82819,1.3006,0.60268,0.43626,0.026660000000000003,0.3323,Tajikistan,Europe,100,4.996,0.48835,0.75602,0.5311899999999999,0.43408,0.13509000000000002,0.25998000000000004,Mongolia,Asia,100,4.95499992370605,1.02723586559296,1.4930112361908,0.557783484458923,0.3941439688205721,0.338464230298996,0.0329022891819477,Bulgaria,Europe,100,4.933,1.054,1.515,0.7120000000000001,0.359,0.064,0.009000000000000001,Nepal,Asia,100,4.913,0.446,1.226,0.677,0.439,0.285,0.08900000000000001
100,Swaziland,Africa,101,4.867,0.71206,1.07284,0.07566,0.30658,0.0306,0.18259,Mongolia,Asia,101,4.907,0.98853,1.08983,0.55469,0.35972,0.03285,0.34539000000000003,South Africa,Africa,101,4.8289999961853,1.05469870567322,1.38478863239288,0.18708007037639604,0.479246735572815,0.13936237990856198,0.0725094974040985,Nepal,Asia,101,4.88,0.425,1.228,0.539,0.526,0.302,0.078,Jordan,Africa,101,4.9060000000000015,0.8370000000000001,1.225,0.815,0.383,0.11,0.13
101,Greece,Europe,102,4.857,1.15406,0.92933,0.88213,0.07699,0.013969999999999998,0.0,Laos,Asia,102,4.876,0.68042,0.5497,0.38291,0.52168,0.22423,0.43079,Tunisia,Africa,102,4.80499982833862,1.00726580619812,0.8683514595031742,0.613212049007416,0.289680689573288,0.0496933571994305,0.0867231488227844,Venezuela,America,102,4.806,0.996,1.469,0.657,0.133,0.056,0.052000000000000005,Benin,Africa,102,4.883,0.393,0.4370000000000001,0.397,0.349,0.175,0.08199999999999999
102,Lebanon,Africa,103,4.839,1.02564,0.80001,0.83947,0.33916,0.04582,0.21854,Nigeria,Africa,103,4.875,0.75216,0.64498,0.05108,0.27854,0.0305,0.23219,Palestinian Territories,Africa,103,4.77500009536743,0.716249227523804,1.15564715862274,0.565666973590851,0.25471106171608,0.114173173904419,0.0892826020717621,Gabon,Africa,103,4.758,1.036,1.164,0.404,0.35600000000000004,0.032,0.052000000000000005,Congo (Brazzaville),Africa,103,4.812,0.6729999999999999,0.799,0.508,0.3720000000000001,0.105,0.093
103,Hungary,Europe,104,4.8,1.12094,1.20215,0.75905,0.32112,0.02758,0.128,Honduras,America,104,4.871,0.69429,0.7559600000000001,0.5838300000000001,0.26755,0.06906,0.2044,Egypt,Africa,104,4.7350001335144,0.989701807498932,0.997471392154694,0.520187258720398,0.28211015462875394,0.128631442785263,0.114381365478039,Palestinian Territories,Africa,104,4.743,0.642,1.217,0.602,0.266,0.086,0.076,Gabon,Africa,104,4.799,1.057,1.183,0.5710000000000001,0.295,0.043,0.055
104,Honduras,America,105,4.788,0.59532,0.95348,0.6951,0.40148,0.06825,0.23027,Iran,Africa,105,4.813,1.11758,0.38857,0.64232,0.22544,0.0557,0.38538,Bulgaria,Europe,105,4.71400022506714,1.1614590883255,1.43437945842743,0.708217680454254,0.2892317175865169,0.113177694380283,0.0110515309497714,South Africa,Africa,105,4.724,0.94,1.41,0.33,0.516,0.103,0.056,Laos,Asia,105,4.796,0.764,1.03,0.551,0.547,0.266,0.16399999999999998
105,Tajikistan,Europe,106,4.7860000000000005,0.39047,0.8556299999999999,0.5737899999999999,0.47216,0.15072,0.22974,Zambia,Africa,106,4.795,0.61202,0.6376,0.23573,0.42662,0.11479,0.17866,Sierra Leone,Africa,106,4.70900011062622,0.36842092871666,0.984136044979095,0.005564753897488121,0.318697690963745,0.293040901422501,0.0710951760411263,Iran,Africa,106,4.707,1.0590000000000002,0.7709999999999999,0.691,0.459,0.282,0.129,South Africa,Africa,106,4.722,0.96,1.351,0.469,0.389,0.13,0.055
106,Tunisia,Africa,107,4.739,0.88113,0.60429,0.73793,0.26268,0.06358,0.06431,Nepal,Asia,107,4.793,0.4462600000000001,0.69699,0.50073,0.37012,0.07007999999999999,0.3816,Cameroon,Africa,107,4.69500017166138,0.564305365085602,0.946018218994141,0.132892116904259,0.430388748645782,0.23629845678806305,0.0513066314160824,Ivory Coast,Africa,107,4.671,0.541,0.872,0.08,0.467,0.146,0.103,Albania,Europe,107,4.7189999999999985,0.947,0.848,0.8740000000000001,0.383,0.17800000000000002,0.027000000000000003
107,Palestinian Territories,Africa,108,4.715,0.59867,0.92558,0.66015,0.24499,0.12905,0.11251,Palestinian Territories,Africa,108,4.754,0.67024,0.71629,0.56844,0.17744,0.10613,0.11154,Iran,Africa,108,4.69199991226196,1.15687310695648,0.7115512490272521,0.639333188533783,0.24932260811328896,0.387242913246155,0.048761073499918005,Ghana,Africa,108,4.657,0.5920000000000001,0.8959999999999999,0.337,0.499,0.212,0.029,Venezuela,America,108,4.707,0.96,1.4269999999999998,0.805,0.154,0.064,0.047
108,Bangladesh,Asia,109,4.694,0.39753,0.4310600000000001,0.60164,0.4082,0.12569,0.21222,Albania,Europe,109,4.655,0.9553,0.50163,0.73007,0.31866,0.05301,0.1684,Albania,Europe,109,4.64400005340576,0.996192753314972,0.8036852478981021,0.731159746646881,0.381498634815216,0.201312944293022,0.0398642159998417,Senegal,Africa,109,4.631,0.429,1.117,0.433,0.406,0.138,0.08199999999999999,Cambodia,Asia,109,4.7,0.574,1.122,0.637,0.609,0.232,0.062
109,Iran,Africa,110,4.686,1.0088,0.54447,0.69805,0.30033000000000004,0.05863,0.38086,Bangladesh,Asia,110,4.643,0.54177,0.24749,0.52989,0.39778,0.12583,0.19132,Bangladesh,Asia,110,4.60799980163574,0.586682975292206,0.735131740570068,0.533241033554077,0.478356659412384,0.17225535213947304,0.123717859387398,Laos,Asia,110,4.623,0.72,1.034,0.441,0.626,0.23,0.174,Palestinian Territories,Africa,110,4.6960000000000015,0.657,1.247,0.672,0.225,0.103,0.066
110,Ukraine,Europe,111,4.681,0.79907,1.20278,0.6739,0.25123,0.02961,0.15275,Sierra Leone,Africa,111,4.635,0.36485,0.628,0.0,0.30685,0.08196,0.23897,Namibia,,111,4.57399988174438,0.964434325695038,1.0984708070755,0.33861181139946,0.520303547382355,0.0771337449550629,0.0931469723582268,Tunisia,Africa,111,4.592,0.9,0.906,0.69,0.271,0.04,0.063,Senegal,Africa,111,4.681,0.45,1.134,0.5710000000000001,0.292,0.153,0.07200000000000001
111,Iraq,Africa,112,4.677,0.98549,0.81889,0.60237,0.0,0.13788,0.17922000000000002,Iraq,Africa,112,4.575,1.07474,0.59205,0.51076,0.24856,0.13635999999999998,0.19589,Kenya,Africa,112,4.55299997329712,0.560479462146759,1.06795072555542,0.30998834967613204,0.452763766050339,0.444860309362411,0.0646413192152977,Albania,Europe,112,4.586,0.916,0.8170000000000001,0.79,0.419,0.149,0.032,Somalia,,112,4.668,0.0,0.698,0.268,0.5589999999999999,0.243,0.27
112,South Africa,Africa,113,4.642,0.92049,1.18468,0.27688,0.33207,0.08884,0.11973,Namibia,,113,4.574,0.93287,0.70362,0.34745,0.48614,0.10398,0.07795,Mozambique,Africa,113,4.5500001907348615,0.234305649995804,0.870701014995575,0.106654435396194,0.480791091918945,0.322228103876114,0.17943638563156106,Sierra Leone,Africa,113,4.5710000000000015,0.256,0.813,0.0,0.355,0.238,0.053,Namibia,,113,4.6389999999999985,0.879,1.3130000000000002,0.477,0.401,0.07,0.056
113,Ghana,Africa,114,4.633,0.5455800000000001,0.6795399999999999,0.40132,0.42342,0.04355,0.23087,Cameroon,Africa,114,4.513,0.5249699999999999,0.62542,0.12697999999999998,0.42736,0.06126,0.2268,Myanmar,Asia,114,4.54500007629395,0.36711055040359497,1.12323594093323,0.397522568702698,0.514492034912109,0.8380751609802249,0.188816204667091,Congo (Brazzaville),Africa,114,4.559,0.682,0.8109999999999999,0.343,0.514,0.091,0.077,Niger,Africa,114,4.628,0.138,0.774,0.366,0.318,0.188,0.102
114,Zimbabwe,Africa,115,4.61,0.271,1.03276,0.33475,0.25861,0.08079,0.18987,Ethiopia,Africa,115,4.508,0.29283000000000003,0.37932,0.34578000000000003,0.36703,0.1717,0.29522,Senegal,Africa,115,4.53499984741211,0.479309022426605,1.17969191074371,0.409362852573395,0.37792226672172496,0.183468893170357,0.115460447967052,Bangladesh,Asia,115,4.5,0.532,0.85,0.579,0.58,0.153,0.14400000000000002,Burkina Faso,Africa,115,4.587,0.331,1.056,0.38,0.255,0.177,0.113
115,Liberia,Africa,116,4.5710000000000015,0.0712,0.78968,0.34201,0.28531,0.062320000000000014,0.24362,South Africa,Africa,116,4.459,1.02416,0.96053,0.18611,0.42483,0.08415,0.13656,Zambia,Africa,116,4.513999938964839,0.6364067792892459,1.00318729877472,0.25783589482307395,0.461603492498398,0.249580144882202,0.0782135501503944,Sri Lanka,Asia,116,4.471,0.918,1.314,0.672,0.585,0.307,0.05,Armenia,Europe,116,4.559,0.85,1.055,0.815,0.28300000000000003,0.095,0.064
116,India,Asia,117,4.565,0.64499,0.38174,0.5152899999999999,0.39786,0.08492000000000001,0.26475,Sri Lanka,Asia,117,4.415,0.97318,0.84783,0.62007,0.50817,0.07964,0.46978,Iraq,Africa,117,4.49700021743774,1.1027104854583702,0.978613197803497,0.501180469989777,0.288555532693863,0.19963726401329,0.107215754687786,Iraq,Africa,117,4.456,1.01,0.971,0.536,0.304,0.14800000000000002,0.095,Iran,Africa,117,4.548,1.1,0.8420000000000001,0.785,0.305,0.27,0.125
117,Sudan,Africa,118,4.55,0.52107,1.01404,0.36878,0.10081,0.1466,0.19062,India,Asia,118,4.404,0.74036,0.29247,0.45091,0.40285,0.08722,0.25028,Gabon,Africa,118,4.46500015258789,1.1982102394104,1.1556202173233,0.35657858848571794,0.31232857704162603,0.0437853783369064,0.0760467872023582,Mali,Africa,118,4.447,0.37,1.233,0.152,0.3670000000000001,0.139,0.056,Guinea,Africa,118,4.534,0.38,0.8290000000000001,0.375,0.332,0.207,0.086
118,Haiti,America,119,4.518,0.26673,0.74302,0.38847,0.24425,0.17175,0.46187,Myanmar,Asia,119,4.395,0.34112,0.69981,0.3988,0.42692,0.20243,0.81971,Ethiopia,Africa,119,4.46000003814697,0.339233845472336,0.8646692037582401,0.353409707546234,0.408842742443085,0.31265074014663696,0.16545571386814098,Namibia,,119,4.441,0.8740000000000001,1.281,0.365,0.519,0.051,0.064,Georgia,Europe,119,4.519,0.8859999999999999,0.6659999999999999,0.752,0.34600000000000003,0.043,0.16399999999999998
119,Congo (Kinshasa),Africa,120,4.517,0.0,1.0012,0.09806,0.22605,0.07625,0.24834,Egypt,Africa,120,4.362,0.95395,0.49813,0.5211600000000001,0.18847,0.10393,0.12705999999999998,Sri Lanka,Asia,120,4.44000005722046,1.00985014438629,1.25997638702393,0.625130832195282,0.561213254928589,0.490863561630249,0.0736539661884308,Cambodia,Asia,120,4.433,0.5489999999999999,1.088,0.457,0.696,0.256,0.065,Gambia,,120,4.516,0.308,0.939,0.428,0.382,0.269,0.16699999999999998
120,Nepal,Asia,121,4.5139999999999985,0.35997,0.86449,0.5687399999999999,0.38282,0.05907,0.32296,Armenia,Europe,121,4.36,0.8608600000000001,0.6247699999999999,0.64083,0.14037,0.036160000000000005,0.07793,Armenia,Europe,121,4.37599992752075,0.900596737861633,1.00748372077942,0.637524425983429,0.198303267359734,0.0834880918264389,0.0266744215041399,Burkina Faso,Africa,121,4.424,0.314,1.097,0.254,0.312,0.175,0.128,Kenya,Africa,121,4.509,0.512,0.983,0.581,0.431,0.3720000000000001,0.053
121,Ethiopia,Africa,122,4.512,0.19073,0.60406,0.44055,0.4345,0.15048,0.24325,Kenya,Africa,122,4.356,0.52267,0.7624,0.30147,0.40576,0.06686,0.41328,India,Asia,122,4.31500005722046,0.7922212481498722,0.754372596740723,0.455427616834641,0.469987004995346,0.23153848946094505,0.0922268852591515,Egypt,Africa,122,4.419,0.885,1.025,0.5529999999999999,0.312,0.092,0.107,Mauritania,Africa,122,4.49,0.57,1.167,0.489,0.066,0.106,0.08800000000000001
122,Sierra Leone,Africa,123,4.507,0.33024000000000003,0.95571,0.0,0.4084,0.08786000000000001,0.21488,Ukraine,Europe,123,4.324,0.87287,1.01413,0.58628,0.12859,0.01829,0.20363,Mauritania,Africa,123,4.29199981689453,0.6484572887420649,1.2720308303833,0.285349279642105,0.0960980430245399,0.201870024204254,0.136957004666328,Mozambique,Africa,123,4.417,0.198,0.902,0.173,0.531,0.206,0.158,Mozambique,Africa,123,4.466,0.204,0.986,0.39,0.494,0.197,0.138
123,Mauritania,Africa,124,4.436,0.45407,0.86908,0.35874,0.24232,0.17461,0.219,Ghana,Africa,124,4.276,0.63107,0.49353,0.29681,0.40973,0.0326,0.21203,Congo (Brazzaville),Africa,124,4.29099988937378,0.8089642524719242,0.8320443630218509,0.28995743393898,0.4350258708000179,0.12085212767124197,0.0796181336045265,Kenya,Africa,124,4.41,0.493,1.048,0.454,0.504,0.35200000000000004,0.055,Tunisia,Africa,124,4.461,0.921,1.0,0.815,0.16699999999999998,0.059,0.055
124,Kenya,Africa,125,4.419,0.36471,0.99876,0.41435,0.42215,0.05839,0.37542,Congo (Kinshasa),Africa,125,4.272,0.05661,0.80676,0.188,0.15602,0.06075,0.25458000000000003,Georgia,Europe,125,4.28599977493286,0.950612664222717,0.57061493396759,0.649546980857849,0.309410035610199,0.0540088154375553,0.25166663527488703,Zambia,Africa,125,4.377,0.562,1.047,0.295,0.503,0.221,0.08199999999999999,Bangladesh,Asia,125,4.456,0.562,0.928,0.723,0.527,0.166,0.14300000000000002
125,Djibouti,Africa,126,4.369,0.44025,0.59207,0.36291,0.46074,0.28105,0.18093,Georgia,Europe,126,4.252,0.8379200000000001,0.19249,0.64035,0.32461,0.3188,0.06786,Congo (Kinshasa),Africa,126,4.280000209808351,0.0921023488044739,1.22902345657349,0.191407024860382,0.235961347818375,0.246455833315849,0.0602413564920425,Mauritania,Africa,126,4.356,0.557,1.245,0.292,0.129,0.134,0.093,Iraq,Africa,126,4.437,1.043,0.98,0.574,0.241,0.14800000000000002,0.08900000000000001
126,Armenia,Europe,127,4.35,0.7682100000000001,0.7771100000000001,0.7299,0.19847,0.039,0.07855,Congo (Brazzaville),Africa,127,4.2360000000000015,0.7710899999999999,0.47799,0.28212,0.37938,0.09753,0.12077,Mali,Africa,127,4.19000005722046,0.476180493831635,1.2814733982086202,0.16936567425727805,0.306613743305206,0.183354198932648,0.10497024655342098,Ethiopia,Africa,127,4.35,0.308,0.95,0.391,0.452,0.22,0.146,Congo (Kinshasa),Africa,127,4.418,0.094,1.125,0.35700000000000004,0.269,0.212,0.053
127,Botswana,Africa,128,4.332,0.99355,1.10464,0.04776,0.49495,0.12474,0.10461,Senegal,Africa,128,4.2189999999999985,0.44314,0.7741600000000001,0.40457,0.31056,0.11681,0.19103,Ivory Coast,Africa,128,4.17999982833862,0.6030489206314089,0.904780030250549,0.0486421696841717,0.4477061927318571,0.201237469911575,0.130061775445938,Georgia,Europe,128,4.34,0.853,0.5920000000000001,0.643,0.375,0.038,0.215,Mali,Africa,128,4.39,0.385,1.105,0.308,0.327,0.153,0.052000000000000005
128,Myanmar,Asia,129,4.307,0.27108000000000004,0.70905,0.4824600000000001,0.44017,0.19034,0.79588,Bulgaria,Europe,129,4.217,1.11306,0.92542,0.67806,0.21219,0.00615,0.12793,Cambodia,Asia,129,4.1680002212524405,0.6017650961875921,1.00623834133148,0.429783403873444,0.633375823497772,0.385922968387604,0.0681059509515762,Armenia,Europe,129,4.3210000000000015,0.816,0.99,0.6659999999999999,0.26,0.077,0.028,Sierra Leone,Africa,129,4.374,0.268,0.841,0.242,0.309,0.252,0.045
129,Georgia,Europe,130,4.297,0.7419,0.38562,0.72926,0.40577,0.38331,0.055470000000000005,Mauritania,Africa,130,4.2010000000000005,0.6139100000000001,0.8414200000000001,0.28639000000000003,0.1268,0.17955,0.22686,Sudan,Africa,130,4.138999938964839,0.6595166921615601,1.21400856971741,0.290920823812485,0.0149958552792668,0.182317450642586,0.089847519993782,Myanmar,Asia,130,4.308,0.682,1.1740000000000002,0.429,0.58,0.598,0.17800000000000002,Sri Lanka,Asia,130,4.3660000000000005,0.949,1.265,0.831,0.47,0.244,0.047
130,Malawi,Africa,131,4.292,0.016040000000000002,0.41134,0.22562,0.43054,0.06977,0.33128,Zimbabwe,Africa,131,4.1930000000000005,0.35041,0.71478,0.1595,0.25429,0.08582000000000001,0.18503,Ghana,Africa,131,4.11999988555908,0.667224824428558,0.873664736747742,0.29563772678375205,0.423026293516159,0.25692394375801103,0.0253363698720932,Chad,Africa,131,4.301,0.358,0.907,0.053,0.189,0.181,0.06,Myanmar,Asia,131,4.36,0.71,1.181,0.555,0.525,0.5660000000000001,0.172
131,Sri Lanka,Asia,132,4.271,0.83524,1.01905,0.70806,0.5372600000000001,0.09179,0.40828,Malawi,Africa,132,4.1560000000000015,0.08709,0.147,0.29364,0.4143,0.07564,0.30968,Ukraine,Europe,132,4.09600019454956,0.89465194940567,1.39453756809235,0.575903952121735,0.122974775731564,0.270061463117599,0.0230294708162546,Congo (Kinshasa),Africa,132,4.245,0.069,1.136,0.204,0.312,0.197,0.052000000000000005,Chad,Africa,132,4.35,0.35,0.7659999999999999,0.192,0.174,0.198,0.078
132,Cameroon,Africa,133,4.252,0.4225,0.8876700000000001,0.23402,0.49309,0.05786,0.20618000000000006,Sudan,Africa,133,4.1389999999999985,0.63069,0.8192799999999999,0.29759,0.0,0.10039,0.18077,Uganda,Africa,133,4.08099985122681,0.381430715322495,1.12982773780823,0.21763260662555706,0.443185955286026,0.32576605677604703,0.057069718837738,India,Asia,133,4.19,0.721,0.747,0.485,0.539,0.172,0.093,Ukraine,Europe,133,4.332,0.82,1.39,0.7390000000000001,0.17800000000000002,0.187,0.01
133,Bulgaria,Europe,134,4.218,1.01216,1.10614,0.76649,0.30587,0.00872,0.11921,Gabon,Africa,134,4.121,1.15851,0.72368,0.3494,0.28098,0.09314,0.06244,Burkina Faso,Africa,134,4.03200006484985,0.3502277135849001,1.04328000545502,0.21584425866603896,0.32436785101890603,0.250864684581757,0.12032810598611805,Niger,Africa,134,4.166,0.131,0.867,0.221,0.39,0.175,0.099,Ethiopia,Africa,134,4.2860000000000005,0.336,1.033,0.532,0.344,0.209,0.1
134,Egypt,Africa,135,4.194,0.8818,0.747,0.61712,0.17288,0.06324,0.11291,Mali,Africa,135,4.073,0.31292,0.8633299999999999,0.16347,0.27544,0.13647,0.21064,Niger,Africa,135,4.02799987792969,0.16192533075809498,0.993025004863739,0.26850500702858,0.36365869641304,0.228673845529556,0.13857294619083402,Uganda,Africa,135,4.1610000000000005,0.322,1.09,0.237,0.45,0.259,0.061,Swaziland,Africa,135,4.212,0.8109999999999999,1.149,0.0,0.313,0.07400000000000001,0.135
135,Yemen,Africa,136,4.077,0.5464899999999999,0.68093,0.40064,0.35571,0.07854,0.09131,Haiti,America,136,4.0280000000000005,0.34097,0.29561,0.27494,0.12072,0.14476,0.47958,Malawi,Africa,136,3.97000002861023,0.233442038297653,0.5125688314437871,0.315089583396912,0.466914653778076,0.28717046976089505,0.0727116540074348,Benin,Africa,136,4.141,0.378,0.3720000000000001,0.24,0.44,0.163,0.067,Uganda,Africa,136,4.189,0.332,1.069,0.443,0.35600000000000004,0.252,0.06
136,Angola,Africa,137,4.033,0.75778,0.8604,0.16683,0.10384000000000003,0.07122,0.12344,Botswana,Africa,137,3.974,1.09426,0.89186,0.34752,0.44089,0.10769,0.12425,Chad,Africa,137,3.9360001087188703,0.43801298737525896,0.953855872154236,0.0411347150802612,0.16234202682972002,0.216113850474358,0.0535818822681904,Sudan,Africa,137,4.1389999999999985,0.605,1.24,0.312,0.016,0.134,0.08199999999999999,Egypt,Africa,137,4.166,0.913,1.039,0.644,0.241,0.076,0.067
137,Mali,Africa,138,3.995,0.26074,1.03526,0.20583,0.38857,0.12352,0.18798,Comoros,Africa,138,3.956,0.27509,0.60323,0.29981,0.15412,0.18437,0.1827,Zimbabwe,Africa,138,3.875,0.3758465349674221,1.08309590816498,0.19676375389099104,0.336384207010269,0.189143493771553,0.0953753814101219,Ukraine,Europe,138,4.103,0.7929999999999999,1.413,0.609,0.163,0.187,0.011,Zambia,Africa,138,4.107,0.578,1.058,0.426,0.431,0.247,0.087
138,Congo (Brazzaville),Africa,139,3.989,0.67866,0.6629,0.31051,0.41466,0.11686,0.12388,Ivory Coast,Africa,139,3.916,0.55507,0.57576,0.04476,0.40663,0.1553,0.20338,Lesotho,Africa,139,3.80800008773804,0.521021246910095,1.19009518623352,0.0,0.390661299228668,0.157497271895409,0.119094640016556,Togo,Africa,139,3.999,0.259,0.474,0.253,0.434,0.158,0.101,Togo,Africa,139,4.085,0.275,0.5720000000000001,0.41,0.293,0.177,0.085
139,Comoros,Africa,140,3.956,0.23906,0.79273,0.36315,0.22917,0.199,0.17440999999999998,Cambodia,Asia,140,3.907,0.55604,0.5375,0.42494,0.5885199999999999,0.08092,0.40339,Angola,Africa,140,3.79500007629395,0.8584281802177429,1.10441195964813,0.0498686656355858,0.0,0.09792649000883097,0.0697203353047371,Guinea,Africa,140,3.964,0.344,0.792,0.211,0.394,0.185,0.094,India,Asia,140,4.015,0.755,0.765,0.588,0.498,0.2,0.085
140,Uganda,Africa,141,3.931,0.21102,1.13299,0.33861,0.45727,0.07267,0.29066,Angola,Africa,141,3.866,0.84731,0.66366,0.04991,0.00589,0.08434,0.12070999999999997,Afghanistan,Asia,141,3.79399991035461,0.401477217674255,0.581543326377869,0.18074677884578694,0.106179520487785,0.311870932579041,0.0611578300595284,Lesotho,Africa,141,3.808,0.472,1.215,0.079,0.423,0.116,0.112,Liberia,Africa,141,3.975,0.073,0.922,0.443,0.37,0.233,0.033
141,Senegal,Africa,142,3.904,0.36498,0.97619,0.4354,0.36772,0.10713,0.20843000000000006,Niger,Africa,142,3.856,0.1327,0.6053,0.26162,0.38041,0.17176,0.2097,Botswana,Africa,142,3.7660000324249294,1.12209415435791,1.22155499458313,0.34175550937652605,0.505196332931519,0.0993484482169151,0.0985831990838051,Angola,Africa,142,3.795,0.73,1.125,0.269,0.0,0.079,0.061,Comoros,Africa,142,3.973,0.274,0.757,0.505,0.142,0.275,0.078
142,Gabon,Africa,143,3.896,1.06024,0.90528,0.43372,0.31914000000000003,0.11091,0.06822,South Sudan,,143,3.832,0.39394,0.18519,0.15780999999999998,0.19662,0.13015,0.25899,Benin,Africa,143,3.65700006484985,0.43108540773391707,0.435299843549728,0.20993021130561804,0.42596277594566295,0.207948461174965,0.0609290152788162,Madagascar,Africa,143,3.774,0.262,0.908,0.402,0.221,0.155,0.049,Madagascar,Africa,143,3.933,0.274,0.916,0.555,0.14800000000000002,0.16899999999999998,0.041
143,Niger,Africa,144,3.845,0.0694,0.77265,0.29707,0.47692,0.15639,0.19387,Chad,Africa,144,3.763,0.42214,0.63178,0.03824,0.12807000000000002,0.04952,0.18667,Madagascar,Africa,144,3.64400005340576,0.305808693170547,0.9130203723907472,0.375223308801651,0.18919676542282104,0.208732530474663,0.0672319754958153,Zimbabwe,Africa,144,3.692,0.35700000000000004,1.094,0.248,0.406,0.132,0.099,Lesotho,Africa,144,3.802,0.489,1.169,0.168,0.359,0.107,0.093
144,Cambodia,Asia,145,3.819,0.46038,0.62736,0.61114,0.66246,0.07247,0.40359,Burkina Faso,Africa,145,3.739,0.31995,0.63054,0.21297,0.3337,0.12533,0.24353,Haiti,America,145,3.6029999256134,0.368610262870789,0.640449821949005,0.277321130037308,0.0303698573261499,0.4892037808895109,0.0998721495270729,Afghanistan,Asia,145,3.632,0.332,0.537,0.255,0.085,0.191,0.036000000000000004,Burundi,Africa,145,3.775,0.046,0.447,0.38,0.22,0.17600000000000002,0.18
145,Tanzania,Africa,146,3.781,0.2852,1.00268,0.38215,0.32878,0.057470000000000014,0.34377,Uganda,Africa,145,3.739,0.34719,0.90981,0.19625,0.43653,0.06442,0.27102,Yemen,Africa,146,3.59299993515015,0.5916834473609921,0.93538224697113,0.310080915689468,0.24946372210979506,0.104125209152699,0.0567674227058887,Botswana,Africa,146,3.59,1.017,1.1740000000000002,0.417,0.557,0.042,0.092,Zimbabwe,Africa,146,3.663,0.366,1.114,0.433,0.361,0.151,0.08900000000000001
146,Madagascar,Africa,147,3.681,0.20824,0.66801,0.46721,0.19184,0.08123999999999999,0.21333,Yemen,Africa,147,3.724,0.57939,0.47493,0.31048000000000003,0.2287,0.058920000000000014,0.09821,South Sudan,,147,3.5910000801086404,0.39724862575531,0.601323127746582,0.163486003875732,0.147062435746193,0.285670816898346,0.116793513298035,Malawi,Africa,147,3.587,0.18600000000000005,0.541,0.306,0.531,0.21,0.08,Haiti,America,147,3.597,0.32299999999999995,0.688,0.449,0.026,0.419,0.11
147,Central African Republic,Africa,148,3.678,0.0785,0.0,0.06699,0.48879,0.08288999999999999,0.23835,Madagascar,Africa,148,3.695,0.27954,0.46115,0.37109,0.13684000000000002,0.07506,0.2204,Liberia,Africa,148,3.532999992370609,0.119041793048382,0.8721179366111759,0.229918196797371,0.33288118243217496,0.26654988527298,0.0389482490718365,Haiti,America,148,3.582,0.315,0.7140000000000001,0.289,0.025,0.392,0.104,Botswana,Africa,148,3.488,1.041,1.145,0.5379999999999999,0.455,0.025,0.1
148,Chad,Africa,149,3.667,0.34193,0.76062,0.1501,0.23501,0.05269,0.18386,Tanzania,Africa,149,3.666,0.47155,0.77623,0.35700000000000004,0.3176,0.05099,0.31472,Guinea,Africa,149,3.50699996948242,0.24454993009567305,0.7912446856498722,0.194129139184952,0.348587512969971,0.264815092086792,0.110937617719173,Liberia,Africa,149,3.495,0.076,0.858,0.267,0.419,0.206,0.03,Syria,Africa,149,3.462,0.619,0.378,0.44,0.013,0.331,0.141
149,Guinea,Africa,150,3.656,0.17417,0.46475,0.24009,0.37725,0.12139,0.28657,Liberia,Africa,150,3.622,0.10706,0.50353,0.23165,0.25748000000000004,0.04852,0.24063,Togo,Africa,150,3.4949998855590803,0.3054447174072269,0.4318825304508211,0.247105568647385,0.38042613863945,0.19689615070819896,0.0956650152802467,Syria,Africa,150,3.462,0.6890000000000001,0.382,0.539,0.08800000000000001,0.376,0.14400000000000002,Malawi,Africa,150,3.41,0.191,0.56,0.495,0.443,0.218,0.08900000000000001
150,Ivory Coast,Africa,151,3.655,0.46534,0.77115,0.15185,0.46866,0.17922000000000002,0.20165,Guinea,Africa,151,3.607,0.22415,0.3109,0.18829,0.30953,0.1192,0.29914,Rwanda,Africa,151,3.47099995613098,0.368745893239975,0.945707023143768,0.326424807310104,0.5818438529968261,0.2527560293674469,0.455220013856888,Rwanda,Africa,151,3.408,0.332,0.8959999999999999,0.4,0.636,0.2,0.444,Yemen,Africa,151,3.38,0.287,1.163,0.463,0.14300000000000002,0.108,0.077
151,Burkina Faso,Africa,152,3.587,0.25812,0.85188,0.27125,0.39493,0.12832000000000002,0.21747,Rwanda,Africa,152,3.515,0.32846,0.6158600000000001,0.31865,0.5432,0.50521,0.23552,Syria,Africa,152,3.46199989318848,0.777153134346008,0.396102607250214,0.5005333423614501,0.0815394446253777,0.493663728237152,0.15134713053703305,Yemen,Africa,152,3.355,0.442,1.073,0.343,0.244,0.083,0.064,Rwanda,Africa,152,3.334,0.359,0.711,0.614,0.555,0.217,0.411
152,Afghanistan,Asia,153,3.575,0.31982,0.30285,0.30335,0.23414,0.09719,0.3651,Benin,Africa,153,3.484,0.39499,0.10419,0.21028,0.39747,0.06681000000000001,0.2018,Tanzania,Africa,153,3.34899997711182,0.511135876178741,1.04198980331421,0.364509284496307,0.390017777681351,0.354256361722946,0.0660351067781448,Tanzania,Africa,153,3.303,0.455,0.991,0.381,0.481,0.27,0.097,Tanzania,Africa,153,3.2310000000000003,0.476,0.885,0.499,0.417,0.276,0.147
153,Rwanda,Africa,154,3.465,0.22208000000000006,0.7737,0.42864,0.59201,0.55191,0.22628,Afghanistan,Asia,154,3.36,0.38227,0.11037,0.17344,0.1643,0.07112,0.31268,Burundi,Africa,154,2.90499997138977,0.091622568666935,0.629793584346771,0.151610791683197,0.0599007532000542,0.20443518459796894,0.0841479450464249,South Sudan,,154,3.254,0.337,0.608,0.177,0.112,0.224,0.106,Afghanistan,Asia,154,3.2030000000000003,0.35,0.517,0.361,0.0,0.158,0.025
154,Benin,Africa,155,3.34,0.28665,0.35386,0.3191,0.4845,0.0801,0.1826,Togo,Africa,155,3.303,0.28123000000000004,0.0,0.24811,0.34678000000000003,0.11587,0.17517,Central African Republic,Africa,155,2.69300007820129,0.0,0.0,0.0187726859003305,0.270842045545578,0.280876487493515,0.0565650761127472,Central African Republic,Africa,155,3.083,0.024,0.0,0.01,0.305,0.218,0.038,Central African Republic,Africa,155,3.083,0.026,0.0,0.105,0.225,0.235,0.035
